id,titulo,plataforma,genero,precio,stock,codigoProveedor
1,Cyberpunk 2077,PC,RPG,39.99,12,PROV-001
2,,PS5,Deportes,69.99,8,PROV-003
abc,Minecraft,PC,Sandbox,29.99,20,PROV-002
4,Mario Kart World,Switch 2,Carreras,-79.99,6,PROV-004
5,GTA V,PS5,Accion,gratis,15,PROV-001
6,Faltan campos,PC,RPG
7,Demasiados campos,PC,RPG,10.00,5,PROV-001,extra,otro
1,Id duplicado,PC,RPG,15.00,3,PROV-001
9,Stock texto,PC,RPG,12.00,muchos,PROV-001
10,Stock negativo,PC,RPG,12.00,-3,PROV-001
11,Sin proveedor,PC,RPG,12.00,4,
12,Precio con coma,PC,RPG,12,50,4,PROV-001
13,Valido final,PS5,Aventura,49.99,10,PROV-002
